<?xml version="1.0" encoding="UTF-8" ?><_ROOT_  UseEstimates="N" NetworkArchitecture="MLP" DirectConnection="N" Hidden="3" Prelim="N"
 PreliminaryRuns="5" PrelimMaxiter="10" PrelimMaxTime="1 HOUR" Maxiter="100" Maxtime="10 MINUTES"
 TrainingTechnique="DEFAULT" ConvDefaults="Y" AbsConvValue="-1.34078E154" AbsFValue="0"
 AbsFTime="1" AbsGValue="0.00001" AbsGTime="1" AbsXValue="1E-8" AbsXTime="1" FConvValue="0"
 FConvTime="1" GConvValue="1E-6" GConvTime="1" ModelSelectionCriterion="AVERAGE ERROR"
 SuppressOutput="N" Residuals="Y" Standardizations="N" HiddenUnits="N" TrainCode=""
 PrelimOutest="" Outest="" Outfit="" InitialDs="" CodefileRes="" CodefileNoRes=""
 AddHidden="Y" HiddenCombFunction="DEFAULT" HiddenActivation="DEFAULT" HiddenBias="Y"
 TargetCombFunction="DEFAULT" TargetActivation="DEFAULT" TargetError="DEFAULT" TargetBias="Y"
 InitialSeed="12345" RandDist="NORMAL" RandScale="0.1" RandLoc="0" InputStandardization="STD"
 WeightDecay="0" Accelerate="1.2" Decelerate="0.5" Learn="0.1" MaxLearn="50" MinLearn="0.00001"
 Momentum="0" MaxMomentum="1.75" Tilt="0" ForceRun="N" RunAction="Train" Component="NeuralNetwork"
 RawCreateTime="2017575799.3" CreateTime="07DEC2023:13:43:19" RunId="59d81558-bbed-42cb-9b5e-acbccab260c9"
 RawLastTimeRun="2017776214.8" RawRunTime="11.632999897" LastTimeRun="09DEC2023:21:23:35"
 RunTime="0 Hr. 0 Min. 11.63 Sec.">
<VARIABLEPROPERTIES/>
<FILEPROPERTIES ><![CDATA[
EMNOTES
]]>
</FILEPROPERTIES><EMTARGETATTRIBUTES >
<G3_ABOVEAVERAGE >
<DECDATA  Table="EMWS1.Neural_G3_AboveAverage_DD">
<DATA >
<OBS  G3_ABOVEAVERAGE="1" COUNT="209" DATAPRIOR="0.5358974359" TRAINPRIOR="0.5358974359"
 DECPRIOR="." DECISION1="1" DECISION2="0"/>
<OBS  G3_ABOVEAVERAGE="0" COUNT="181" DATAPRIOR="0.4641025641" TRAINPRIOR="0.4641025641"
 DECPRIOR="." DECISION1="0" DECISION2="1"/>
</DATA>
<METADATA >
<VARIABLE  NAME="G3_AboveAverage" LABEL="" LENGTH="32" FORMAT="" TYPE="C"/>
<VARIABLE  NAME="COUNT" LABEL="Level Counts" LENGTH="8" FORMAT="10." TYPE="N"/>
<VARIABLE  NAME="DATAPRIOR" LABEL="Data Proportions" LENGTH="8" FORMAT="" TYPE="N"/>
<VARIABLE  NAME="TRAINPRIOR" LABEL="Training Proportions" LENGTH="8" FORMAT="" TYPE="N"/>
<VARIABLE  NAME="DECPRIOR" LABEL="Decision Priors" LENGTH="8" FORMAT="" TYPE="N"/>
<VARIABLE  NAME="DECISION1" LABEL="1" LENGTH="8" FORMAT="" TYPE="N"/>
<VARIABLE  NAME="DECISION2" LABEL="0" LENGTH="8" FORMAT="" TYPE="N"/>
</METADATA>
</DECDATA>
<DECMETA  Table="EMWS1.Neural_G3_AboveAverage_DM">
<DATA >
<OBS  _TYPE_="MATRIX" VARIABLE="" LABEL="" LEVEL="PROFIT" EVENT="" ORDER="" FORMAT="" TYPE=""
 COST="" USE="N"/>
<OBS  _TYPE_="TARGET" VARIABLE="G3_AboveAverage" LABEL="G3_AboveAverage" LEVEL="BINARY"
 EVENT="1" ORDER="" FORMAT="BEST." TYPE="N" COST="" USE=""/>
<OBS  _TYPE_="DECISION" VARIABLE="DECISION1" LABEL="1" LEVEL="" EVENT="" ORDER="" FORMAT=""
 TYPE="N" COST="" USE="Y"/>
<OBS  _TYPE_="DECISION" VARIABLE="DECISION2" LABEL="0" LEVEL="" EVENT="" ORDER="" FORMAT=""
 TYPE="N" COST="" USE="Y"/>
<OBS  _TYPE_="DATAPRIOR" VARIABLE="DATAPRIOR" LABEL="Data Prior" LEVEL="" EVENT="" ORDER=""
 FORMAT="" TYPE="N" COST="" USE="N"/>
<OBS  _TYPE_="TRAINPRIOR" VARIABLE="TRAINPRIOR" LABEL="Training Prior" LEVEL="" EVENT=""
 ORDER="" FORMAT="" TYPE="N" COST="" USE="N"/>
<OBS  _TYPE_="DECPRIOR" VARIABLE="DECPRIOR" LABEL="Decision Prior" LEVEL="" EVENT="" ORDER=""
 FORMAT="" TYPE="N" COST="" USE="N"/>
<OBS  _TYPE_="PREDICTED" VARIABLE="P_G3_AboveAverage1" LABEL="Predicted: G3_AboveAverage=1"
 LEVEL="1" EVENT="" ORDER="" FORMAT="" TYPE="N" COST="" USE=""/>
<OBS  _TYPE_="RESIDUAL" VARIABLE="R_G3_AboveAverage1" LABEL="Residual: G3_AboveAverage=1"
 LEVEL="1" EVENT="" ORDER="" FORMAT="" TYPE="N" COST="" USE=""/>
<OBS  _TYPE_="PREDICTED" VARIABLE="P_G3_AboveAverage0" LABEL="Predicted: G3_AboveAverage=0"
 LEVEL="0" EVENT="" ORDER="" FORMAT="" TYPE="N" COST="" USE=""/>
<OBS  _TYPE_="RESIDUAL" VARIABLE="R_G3_AboveAverage0" LABEL="Residual: G3_AboveAverage=0"
 LEVEL="0" EVENT="" ORDER="" FORMAT="" TYPE="N" COST="" USE=""/>
<OBS  _TYPE_="FROM" VARIABLE="F_G3_AboveAverage" LABEL="From: G3_AboveAverage" LEVEL=""
 EVENT="" ORDER="" FORMAT="" TYPE="C" COST="" USE=""/>
<OBS  _TYPE_="INTO" VARIABLE="I_G3_AboveAverage" LABEL="Into: G3_AboveAverage" LEVEL=""
 EVENT="" ORDER="" FORMAT="" TYPE="C" COST="" USE=""/>
</DATA>
<METADATA >
<VARIABLE  NAME="_TYPE_" LABEL="Type" LENGTH="32" FORMAT="" TYPE="C"/>
<VARIABLE  NAME="VARIABLE" LABEL="Variable" LENGTH="32" FORMAT="" TYPE="C"/>
<VARIABLE  NAME="LABEL" LABEL="Label" LENGTH="256" FORMAT="" TYPE="C"/>
<VARIABLE  NAME="LEVEL" LABEL="Measurement Level" LENGTH="32" FORMAT="" TYPE="C"/>
<VARIABLE  NAME="EVENT" LABEL="Target Event" LENGTH="32" FORMAT="" TYPE="C"/>
<VARIABLE  NAME="ORDER" LABEL="Order" LENGTH="10" FORMAT="" TYPE="C"/>
<VARIABLE  NAME="FORMAT" LABEL="Format" LENGTH="32" FORMAT="" TYPE="C"/>
<VARIABLE  NAME="TYPE" LABEL="Type" LENGTH="1" FORMAT="" TYPE="C"/>
<VARIABLE  NAME="COST" LABEL="Cost" LENGTH="32" FORMAT="" TYPE="C"/>
<VARIABLE  NAME="USE" LABEL="Use" LENGTH="1" FORMAT="" TYPE="C"/>
</METADATA>
</DECMETA>
</G3_ABOVEAVERAGE>
</EMTARGETATTRIBUTES>
</_ROOT_>
